contact_name,location
Olivia,3810 Mowry Avenue
Alice,2221 South Shore Center
Brenda,2160 South Bascom Avenue
Kathryn,1532 20th Street
Louis,2737 20th Street
Emily,2556 Telegraph Avenue #4
Jason,Theatre Deli - Deli Bar & Rehearsal Studios
Bruce,Big Apple Circus
Steven,1216 South Abel Street
Lauren,Sutro Baths
Joseph,325 Sharon Park Drive Ste F-2
James,Covington Way
Madison,2737 20th Street
Joe,1186 South 2nd Street
Patricia,4801 Telegraph Avenue
Melissa,2589 Main Street
Peter,Tao Tao
Randy,2260 Palm Avenue
Donald,1047 Lincoln Highway suite 101
Hannah,5371 Mowry Avenue
Donna,German Spy Museum
Elizabeth,2260 Palm Avenue
Edward,1532 20th Street
Albert,1532 20th Street
Sean,2305 Camino Ramon #202
Johnny,2240 North Texas Street
Emma,1880 Solano Avenue
Jeremy,20686 Homestead Road
Amanda,Rich Mix
Joyce,67 Broadway
Mary,20686 Homestead Road
Richard,1047 Lincoln Highway suite 101
Betty,6493 Portola Drive
Melissa,1637 Lincoln Avenue
Jessica,40 Millwood Street
Raymond,613 Cabot Way
Albert,Kuya's Asian Cuisine
Betty,15824 Hesperian Blvd
Andrew,2425 California Street # C
Nicole,255 North 1st Street
Brandon,Plumed Horse
Gerald,5154 Mowry Avenue
Jack,1012 Oak Grove Avenue
Lawrence,208 Redwood Avenue
Abigail,40 Millwood Street
Thomas,2425 California Street # C
Terry,Park Lane Apartments
Randy,4550 Tassajara Road
Linda,939 Edgewater Boulevard E
Kathryn,JFK International Airport
Kimberly,1174 Solano Avenue
Nancy,450 East El Camino Real
Joyce,855 El Camino Real Building #1 Suite #3
John,15 Fiesta Lane
Christopher,1047 Lincoln Highway suite 101
Raymond,408 14th Street
Joshua,1532 20th Street
Megan,620 Main Street
Douglas,3734 West Belmont Avenue
Sarah,1047 Lincoln Highway suite 101
Evelyn,1532 20th Street
Sara,25 Kentucky Street
Grace,12221 San Pablo Avenue
Bruce,15 Fiesta Lane
Alan,450 East El Camino Real
Billy,1047 Lincoln Highway suite 101
Noah,The Van Buren
Edward,Mojo Theatre
Larry,California Arts Academy
Virginia,12th Avenue Arts
Helen,August Hall
Kyle,Talent to aMuse Theatre Co
Jose,Stage Door Repertory Theatre
Nicholas,Dearing Acting Studio
Rachel,Mojo Theatre
Keith,The Fillmore Philadelphia
Eugene,Theatre Raymond Kabbaz
Louis,Upright Citizens Brigade Sunset
Ethan,Newmark Theatre
Douglas,Discovery Park
Raymond,Crossroads at House of Blues Anaheim
Jacob,Stage Door Repertory Theatre
Judy,Discovery Park
Kathryn,Shoe Box Theater
Natalie,Rainbow Ballroom
Andrea,Cal Coast Credit Union Amphitheater
Christian,Stage Door Repertory Theatre
Emma,The Artistic Home
Brittany,Crossroads at House of Blues Anaheim
Austin,12th Avenue Arts
Abigail,California Arts Academy
Ann,Upright Citizens Brigade Sunset
Walter,Dearing Acting Studio
Alan,San Francisco Symphony
Pamela,The Artistic Home
Beverly,Discovery Park
Emma,Cal Coast Credit Union Amphitheater
Jesse,Stage Door Repertory Theatre
Bryan,Chop Shop
Bruce,Cal Coast Credit Union Amphitheater
Kathleen,Studio C Artists
Victoria,12th Avenue Arts
Rachel,Studio C Artists
Donald,520 8th Ave. - Personal Valet Parking
Ralph,Chop Shop
Barbara,Stage Door Repertory Theatre
Sophia,The Artistic Home
Olivia,Mojo Theatre
John,243 O'Farrell Street
Grace,Dulles International Airport
Mary,KLIA International Airport
Nicholas,PHL International Airport
Kenneth,1971 San Pablo Avenue
William,2180 Third Street
Judy,5945 Almaden Expressway #150
Donald,1690 Locust Street
Charles,Clayton Valley
Alan,16 Mint Plaza
Logan,7377 Saint Helena Highway
Anthony,1890 West San Carlos Street
Juan,1760 Polk Street
Joe,JFK International Airport
Harold,443 Emerson Street
Keith,16 Mint Plaza
Nancy,JFK International Airport
Carol,Portland Bus Station
Jacob,1355 Broadway
Heather,968 Ralston Avenue
Abigail,3912 MacArthur Boulevard
Michael,1655 Post Street
Stephen,King Street Station
Jean,Downtown
Bobby,2203 Loveridge Road
Brittany,16250 East 14th Street
Roger,524 Van Ness Avenue
Linda,Union Station
Matthew,Orly International Airport
Samuel,2241 First Street
Jean,Gatwick International Airport
Walter,Estacion Buenavista
Billy,Union Plaza
Henry,2212 North Texas Street
Elizabeth,Sky Harbor International Airport
Maria,Heathrow International Airport
Theresa,Peachtree Station
Roger,9900 Sonoma Highway
Melissa,Jomo Kenyatta International Airport
Catherine,115 De Anza Boulevard
Amy,1306 Saratoga Avenue
Lauren,1754 Polk Street
Vincent,Benito Juarez International Airport
Deborah,PHL International Airport
Victoria,Heathrow International Airport
Keith,960 Moraga Road #1
Roy,940 Blossom Hill Road
Justin,Market Broiler Fremont
Peter,2190 Bancroft Way
Frank,139 South B Street
Douglas,16 Mint Plaza
Sarah,Downtown
Anna,1460 Halford Avenue
Edward,16 Mint Plaza
Keith,17385 Monterey Road
Samuel,640 Hegenberger Road
Rebecca,900 Meadowood Lane
Shirley,Heathrow International Airport
Carolyn,120 Marina Drive
Willie,1599 Sanchez Street
Theresa,Indira Gandhi International Airport
Virginia,3082 Marlow Road
Alexis,McCarran International Airport
Ronald,Heathrow International Airport
Alice,Staten Island Children's Museum
Dorothy,Benito Juarez International Airport
Judith,O'Hare International Airport
Patricia,Heathrow International Airport
Richard,Cognacq-Jay Museum
Scott,Maurizio's
Walter,Fresno Station
Alan,Estacion Buenavista
Kevin,Air And Space Museum
Emily,Mendoza's Restaurant
William,Alte Nationalgalerie
Joseph,Heathrow International Airport
Ryan,Santa Fe Depot
Thomas,30 St Mary Axe (The Gherkin)
Katherine,American Church in Paris
Kimberly,30 St Mary Axe (The Gherkin)
Beverly,Cars Land
Judy,Center for Contemporary Art Ujazdowski Castle
Christian,Aquarium of the Bay
Cynthia,Al-Farooq Masjid
Emma,Heathrow International Airport
Nathan,Arte Carrillo Gil Museum
Johnny,Indira Gandhi International Airport
Nicole,Heathrow International Airport
Bruce,Fleet Science Center
Jennifer,O'Hare International Airport
Judy,Angels Flight Railway
Janet,9/11 Tribute Museum
Jordan,Orly International Airport
Julia,ANZ Stadium
Lawrence,Port Authority Station
Bryan,King Street Station
Margaret,Santa Fe Depot
Theresa,Alte Nationalgalerie
Lori,30 St Mary Axe (The Gherkin)
Jessica,Angels Flight Railway
Denise,Madison Square Park
Bobby,Lake Terrace Apartments
Jacqueline,Alley Pond Park
Natalie,9/11 Tribute Museum
Amber,Admiralty Arch
Matthew,9/11 Tribute Museum
Emily,KLIA International Airport
Aaron,Alte Nationalgalerie
Sharon,Alte Nationalgalerie
Timothy,360 CHICAGO
Emily,30 St Mary Axe (The Gherkin)
Nathan,30 St Mary Axe (The Gherkin)
Matthew,King Street Station
Linda,Alexandra Palace
Logan,Port Authority Station
Harold,ANZ Stadium
Kimberly,Alley Pond Park
Nancy,BODY WORLDS London
Sean,951 Pomona Avenue
Elizabeth,JFK International Airport
Kayla,SAN International Airport
Thomas,Heathrow International Airport
Victoria,Apsley House
Richard,Heathrow International Airport
Rose,JFK International Airport
Steven,Aga Khan Museum
Lauren,Toronto Pearson International Airport
Jacob,Air And Space Museum
Eric,Arte Carrillo Gil Museum
Dennis,Toronto Pearson International Airport
Alan,Cent Quatre
Nicholas,Alcatraz
Danielle,8 Kenneth Rexroth Place
Brittany,LAX International Airport
Paul,Toronto Pearson International Airport
Christopher,2225 Sharon Road
Dylan,978 Almaden Lake Drive
Kimberly,1475 167th Avenue
Frances,416 Boynton Avenue
Thomas,10944 San Pablo Avenue # 800
Juan,1901 Shore Line Drive
Russell,73 North Keeble Avenue
Jonathan,199 Aegean Way
Melissa,1600 Buchanan Road
Ann,611 Enterprise Drive
Philip,1550 Valley Glen Drive
Johnny,25100 Cypress Avenue
Terry,2355 Fairfield Avenue
Lori,1546 Maurice Lane
Adam,1275 Central Boulevard
Sophia,5643 Charlotte Way
Jacob,1059 Reed Avenue
Danielle,16530 Monterey Road
Nicole,660 Gail Avenue
Jerry,613 Cabot Way
Walter,301 Country View Lane # A
Charles,"Leasing Office, 6600 Montecito Boulevard"
Sandra,555 East El Camino Real
Lauren,859 University Avenue
Larry,199 Aegean Way
Janice,1688 Clayton Road
Patrick,3500 Pennsylvania Avenue # 101
Emma,1059 Reed Avenue
Terry,5005 Montoya Avenue
Margaret,3820 Park Boulevard
Amy,100 Devon Avenue
Frank,1282 Mattox Road
Samantha,1241 Arnold Drive
Andrea,240 Kottinger Drive
Joseph,1633 Marina Court
James,3500 Pennsylvania Avenue # 101
Ruth,25173 Cypress Avenue
Carol,4656 Quigg Drive
Frank,1546 Maurice Lane
Helen,20667 Forge Way
Bryan,26100 Gading Road
Eugene,40001 Fremont Boulevard
Raymond,6221 Montecito Boulevard
Andrew,111 Seminary Drive
Teresa,4748 West Campbell Avenue
David,900 Cambridge Drive
Henry,2000 Shoreline Loop
Emma,275 Hawthorne Avenue
Sophia,400 East Remington Drive
Natalie,1010 Power Avenue
Janet,1400 A Street
Vincent,947 Branham Lane # C
Robert,555 East El Camino Real
